id,first_name,last_name,email,gender,ip_address
1,Carney,Haymes,chaymes0@feedburner.com,Male,221.79.125.151
2,Carly,Mowle,cmowle1@fc2.com,Male,52.33.181.211
3,Sherlock,Eadon,seadon2@unesco.org,Male,213.86.100.8
4,Davy,Condict,dcondict3@123-reg.co.uk,Male,199.154.245.60
5,Dalston,Shervington,dshervington4@xinhuanet.com,Male,31.127.96.213
6,Stinky,Feaster,sfeaster5@netvibes.com,Male,154.165.239.232
7,Danielle,Ewenson,dewenson6@miitbeian.gov.cn,Female,213.109.7.222
8,Rudy,Heindl,rheindl7@cnet.com,Male,173.210.84.21
9,Inna,D'Aubney,idaubney8@rakuten.co.jp,Female,45.124.80.222
10,Sawyer,Majury,smajury9@aboutads.info,Male,154.56.104.0
11,Danyelle,Crosskill,dcrosskilla@wikia.com,Female,141.207.169.180
12,Pietro,Shepstone,pshepstoneb@hibu.com,Male,51.168.208.114
13,Hayden,Savage,hsavagec@wired.com,Male,209.219.254.11
14,Slade,Bownde,sbownded@sogou.com,Male,84.102.176.20
15,Merle,Marxsen,mmarxsene@opensource.org,Male,57.165.94.211
16,Herb,Sygrove,hsygrovef@princeton.edu,Male,201.145.21.93
17,Lilli,Adran,ladrang@addtoany.com,Female,81.242.121.182
18,Bridget,Gorgl,bgorglh@blinklist.com,Female,73.178.38.53
19,Didi,Parram,dparrami@instagram.com,Female,195.227.101.27
20,Anya,Haugeh,ahaugehj@soundcloud.com,Female,244.225.40.234
21,Penn,Sinfield,psinfieldk@house.gov,Male,128.73.186.153
22,Margaretha,Reignard,mreignardl@com.com,Female,35.33.42.238
23,Ariel,McKennan,amckennanm@blogs.com,Male,66.41.65.37
24,Olenka,Igo,oigon@howstuffworks.com,Non-binary,14.18.158.0
25,Dorella,Barbie,dbarbieo@archive.org,Female,131.106.181.229
26,Rosella,Munroe,rmunroep@netlog.com,Female,68.174.174.254
27,Garwin,Buckhurst,gbuckhurstq@over-blog.com,Male,50.215.214.51
28,Agneta,Lockery,alockeryr@bing.com,Female,165.85.153.192
29,Kalil,Charrette,kcharrettes@delicious.com,Male,87.86.157.66
30,Ruben,Jeannaud,rjeannaudt@businesswire.com,Male,232.67.252.220
31,Perren,Poland,ppolandu@wsj.com,Male,213.197.255.187
32,Christyna,Benkhe,cbenkhev@rakuten.co.jp,Female,72.40.121.141
33,Gordon,Hurry,ghurryw@drupal.org,Male,26.1.213.178
34,Nola,Nortunen,nnortunenx@psu.edu,Female,153.193.131.208
35,Marillin,Sharp,msharpy@wired.com,Female,207.253.100.85
36,Sanderson,Brinded,sbrindedz@google.es,Male,45.114.87.14
37,Gabrielle,Donke,gdonke10@gov.uk,Female,172.187.107.42
38,Milly,Pullman,mpullman11@answers.com,Female,25.71.166.235
39,Lyn,Heild,lheild12@sphinn.com,Female,72.237.139.80
40,Laird,Hartland,lhartland13@bbc.co.uk,Male,234.168.9.11
41,Lyon,Bumphries,lbumphries14@reddit.com,Male,239.130.223.28
42,Alexis,Craster,acraster15@surveymonkey.com,Male,51.17.215.133
43,Virginia,Dict,vdict16@bandcamp.com,Agender,145.89.19.7
44,Barnabe,Cobello,bcobello17@hibu.com,Male,168.220.245.99
45,Skyler,Naismith,snaismith18@google.com,Male,14.215.178.64
46,Con,Totton,ctotton19@biblegateway.com,Male,71.110.153.14
47,Neel,Teaser,nteaser1a@prnewswire.com,Male,33.196.205.100
48,Madelyn,Deveril,mdeveril1b@godaddy.com,Agender,22.166.254.230
49,Astrid,Bastie,abastie1c@youtu.be,Female,154.91.76.137
50,Fitz,Kassidy,fkassidy1d@guardian.co.uk,Male,206.114.216.12
51,Jo-ann,Doget,jdoget1e@google.com.hk,Female,147.193.134.12
52,Vassili,Powdrell,vpowdrell1f@spotify.com,Male,189.42.225.66
53,Herbie,Arkin,harkin1g@bloglines.com,Male,179.129.99.57
54,Eduardo,Abbe,eabbe1h@constantcontact.com,Male,158.31.154.179
55,Vale,Toward,vtoward1i@economist.com,Male,252.166.77.153
56,Mirabel,Dislee,mdislee1j@naver.com,Female,166.32.253.16
57,Rubi,Karppi,rkarppi1k@bbb.org,Female,219.36.230.195
58,Dorelle,Simmance,dsimmance1l@barnesandnoble.com,Female,209.76.179.163
59,Stella,Reburn,sreburn1m@cbslocal.com,Polygender,144.245.254.67
60,Mira,Stutter,mstutter1n@deviantart.com,Female,8.134.7.183
61,Klarika,Hirtz,khirtz1o@senate.gov,Female,130.190.168.19
62,Avril,Caldecott,acaldecott1p@kickstarter.com,Female,207.166.175.180
63,Liesa,Lukianov,llukianov1q@slate.com,Female,142.2.224.165
64,Auberta,Esler,aesler1r@fastcompany.com,Female,15.108.26.115
65,David,Valencia,dvalencia1s@who.int,Male,88.237.114.237
66,Manda,Bein,mbein1t@examiner.com,Female,92.242.205.0
67,Bryant,Ivanyutin,bivanyutin1u@clickbank.net,Male,132.187.244.86
68,Laurens,Smallcombe,lsmallcombe1v@miibeian.gov.cn,Male,55.134.10.247
69,Robinetta,Thandi,rthandi1w@ustream.tv,Female,239.90.222.60
70,Petunia,Flacke,pflacke1x@digg.com,Female,69.230.223.32
71,Giralda,Scahill,gscahill1y@yale.edu,Female,237.176.34.144
72,Cosmo,Sheehan,csheehan1z@lulu.com,Male,169.88.127.19
73,Gabriele,Lanmeid,glanmeid20@google.cn,Male,173.190.155.206
74,Weider,Garrattley,wgarrattley21@sina.com.cn,Male,228.125.160.170
75,Dore,Stoakley,dstoakley22@soup.io,Male,213.66.195.52
76,Jakob,McQuorkell,jmcquorkell23@rakuten.co.jp,Male,91.137.136.1
77,Scott,McCathie,smccathie24@tmall.com,Male,25.52.63.105
78,Marcelia,Morson,mmorson25@issuu.com,Female,177.43.31.62
79,Juanita,Fass,jfass26@si.edu,Female,186.251.159.197
80,Oralla,Prior,oprior27@theguardian.com,Female,175.180.70.251
81,Marley,Lease,mlease28@jimdo.com,Female,30.175.170.124
82,Tymothy,Winskill,twinskill29@ucoz.ru,Male,197.28.220.143
83,Maynord,Hutchings,mhutchings2a@jimdo.com,Male,170.149.9.232
84,Eric,Hessenthaler,ehessenthaler2b@slate.com,Male,239.180.94.227
85,Rikki,Waterman,rwaterman2c@businesswire.com,Female,182.203.67.212
86,Lonni,Hartshorne,lhartshorne2d@google.co.jp,Female,250.158.168.152
87,Francisca,Antonik,fantonik2e@examiner.com,Genderfluid,8.233.128.225
88,Staffard,Cowgill,scowgill2f@privacy.gov.au,Male,121.195.97.110
89,Patsy,McVitty,pmcvitty2g@biglobe.ne.jp,Male,253.146.27.37
90,Ahmad,Gurden,agurden2h@japanpost.jp,Male,54.40.181.76
91,Mora,McPhillimey,mmcphillimey2i@storify.com,Non-binary,167.248.199.177
92,Elwood,Cleghorn,ecleghorn2j@simplemachines.org,Male,123.214.122.121
93,Cal,Skace,cskace2k@parallels.com,Female,113.243.110.0
94,Gregorio,Eisak,geisak2l@instagram.com,Male,9.147.123.90
95,Devora,Agott,dagott2m@yolasite.com,Female,170.172.208.122
96,Baxy,Houten,bhouten2n@ihg.com,Male,128.70.174.105
97,Abdul,Collick,acollick2o@g.co,Male,15.204.36.23
98,Rachelle,Antalffy,rantalffy2p@hhs.gov,Female,29.0.184.208
99,Lyda,Bernet,lbernet2q@salon.com,Female,38.128.13.148
100,Upton,Gutherson,ugutherson2r@hc360.com,Male,82.59.208.229
